Frame number,Label
1_000000    ,Sterile Preparation
1_000001    ,Patient Roll In
1_000002    ,Patient Roll In
1_000003    ,Patient Roll In
1_000004    ,Patient Roll In
1_000005    ,Patient Roll In
1_000006    ,Patient Preparation
1_000007    ,Patient Preparation
1_000008    ,Patient Preparation
1_000009    ,Patient Preparation
1_000010    ,Patient Preparation
1_000011    ,Patient Preparation
1_000012    ,Patient Preparation
1_000013    ,Patient Preparation
1_000014    ,Patient Preparation
1_000015    ,Patient Preparation
1_000016    ,Patient Preparation
1_000017    ,CT roll in
1_000018    ,CT scanning
1_000019    ,CT roll out
1_000020    ,C arm roll in
1_000021    ,C arm preparation
1_000022    ,C arm preparation
1_000023    ,C arm preparation
1_000024    ,C arm preparation
1_000025    ,C arm preparation
1_000026    ,C arm scanning
1_000027    ,C arm scanning
1_000028    ,C arm scanning
1_000029    ,C arm scanning
1_000030    ,C arm scanning
1_000031    ,C arm scanning
1_000032    ,C arm scanning
1_000033    ,C arm scanning
1_000034    ,C arm scanning
1_000035    ,C arm scanning
1_000036    ,C arm scanning
1_000037    ,C arm scanning
1_000038    ,C arm scanning
1_000039    ,C arm scanning
1_000040    ,C arm scanning
1_000041    ,C arm scanning
1_000042    ,C arm scanning
1_000043    ,C arm scanning
1_000044    ,C arm scanning
1_000045    ,C arm scanning
1_000046    ,C arm scanning
1_000047    ,C arm scanning
1_000048    ,C arm scanning
1_000049    ,C arm scanning
1_000050    ,C arm scanning
1_000051    ,C arm scanning
1_000052    ,C arm scanning
1_000053    ,C arm scanning
1_000054    ,C arm scanning
1_000055    ,C arm scanning
1_000056    ,C arm scanning
2_000000    ,Patient Preparation
2_000001    ,Patient Preparation
2_000002    ,Patient Preparation
2_000003    ,Patient Preparation
2_000004    ,Patient Preparation
2_000005    ,Sterile Preparation
2_000006    ,Patient Preparation
2_000007    ,Patient Preparation
2_000008    ,Patient Preparation
2_000009    ,Patient Preparation
2_000010    ,CT roll in
2_000011    ,CT scanning
2_000012    ,CT scanning
2_000013    ,CT scanning
2_000014    ,CT scanning
2_000015    ,CT scanning
2_000016    ,CT scanning
2_000017    ,CT scanning
2_000018    ,CT scanning
2_000019    ,CT scanning
2_000020    ,CT scanning
2_000021    ,CT roll out
2_000022    ,CT roll out
2_000023    ,CT roll out
2_000024    ,CT roll out
2_000025    ,Patient Preparation
2_000026    ,Patient Preparation
2_000027    ,Patient Preparation
2_000028    ,Patient Preparation
2_000029    ,Patient Preparation
2_000030    ,Patient Preparation
2_000031    ,CT roll in
2_000032    ,CT scanning
2_000033    ,CT roll out
2_000034    ,Patient Preparation
2_000035    ,Patient Preparation
2_000036    ,Patient Preparation
2_000037    ,Patient Preparation
2_000038    ,Patient Preparation
2_000039    ,Patient Preparation
2_000040    ,Patient Preparation
2_000041    ,Patient Preparation
2_000042    ,Patient Preparation
2_000043    ,Patient Preparation
2_000044    ,Patient Preparation
2_000045    ,Patient Preparation
2_000046    ,Patient Preparation
2_000047    ,Patient Preparation
2_000048    ,Patient Preparation
2_000049    ,Patient Preparation
2_000050    ,Patient Preparation
2_000051    ,Patient Preparation
2_000052    ,Patient Preparation
2_000053    ,Patient Preparation
2_000054    ,CT scanning
2_000055    ,CT roll in
2_000056    ,CT scanning
2_000057    ,CT scanning
2_000058    ,CT scanning
2_000059    ,CT scanning
2_000060    ,CT scanning
2_000061    ,CT scanning
2_000062    ,CT scanning
2_000063    ,CT scanning
2_000064    ,CT scanning
2_000065    ,CT scanning
2_000066    ,CT scanning
2_000067    ,CT scanning
2_000068    ,CT scanning
2_000069    ,CT scanning
2_000070    ,CT scanning
2_000071    ,CT scanning
2_000072    ,CT scanning
2_000073    ,CT scanning
2_000074    ,CT scanning
2_000075    ,CT scanning
2_000076    ,CT scanning
2_000077    ,CT scanning
2_000078    ,CT scanning
2_000079    ,CT scanning
2_000080    ,CT scanning
2_000081    ,CT scanning
2_000082    ,CT scanning
2_000083    ,CT scanning
2_000084    ,CT scanning
2_000085    ,CT scanning
2_000086    ,CT scanning
2_000087    ,CT scanning
2_000088    ,CT scanning
2_000089    ,CT scanning
2_000090    ,CT scanning
2_000091    ,CT scanning
2_000092    ,CT scanning
2_000093    ,CT scanning
2_000094    ,CT scanning
2_000095    ,CT scanning
2_000096    ,CT scanning
2_000097    ,CT scanning
2_000098    ,CT scanning
2_000099    ,CT scanning
2_000100    ,CT scanning
2_000101    ,CT scanning
2_000102    ,CT scanning
2_000103    ,CT scanning
2_000104    ,CT scanning
2_000105    ,CT scanning
2_000106    ,CT scanning
2_000107    ,CT roll out
2_000108    ,Sterile Preparation
2_000109    ,Sterile Preparation
2_000110    ,Sterile Preparation
2_000111    ,Sterile Preparation
2_000112    ,Sterile Preparation
2_000113    ,Sterile Preparation
2_000114    ,Patient Roll Out
2_000115    ,Patient Roll Out
2_000116    ,Sterile Preparation
2_000117    ,Sterile Preparation
2_000118    ,Patient Roll In
2_000119    ,Patient Preparation
2_000120    ,Patient Preparation
2_000121    ,Patient Preparation
2_000122    ,Patient Preparation
2_000123    ,Patient Preparation
2_000124    ,Patient Preparation
2_000125    ,Patient Preparation
2_000126    ,Patient Preparation
2_000127    ,Patient Preparation
2_000128    ,Patient Preparation
2_000129    ,Patient Preparation
2_000130    ,Patient Preparation
2_000131    ,Patient Preparation
2_000132    ,Patient Preparation
2_000133    ,Patient Preparation
2_000134    ,Patient Preparation
2_000135    ,Patient Preparation
2_000136    ,Patient Preparation
2_000137    ,Patient Preparation
2_000138    ,Patient Preparation
2_000139    ,Patient Preparation
2_000140    ,CT scanning
2_000141    ,C arm roll in
2_000142    ,CT scanning
2_000143    ,CT scanning
2_000144    ,CT roll out
2_000145    ,CT roll out
2_000146    ,C arm preparation
2_000147    ,C arm preparation
2_000148    ,C arm preparation
2_000149    ,C arm preparation
2_000150    ,C arm preparation
2_000151    ,C arm preparation
2_000152    ,C arm preparation
2_000153    ,C arm preparation
2_000154    ,C arm scanning
2_000155    ,C arm scanning
2_000156    ,C arm scanning
2_000157    ,C arm scanning
2_000158    ,C arm scanning
2_000159    ,C arm scanning
2_000160    ,C arm scanning
2_000161    ,C arm scanning
2_000162    ,C arm scanning
2_000163    ,C arm scanning
2_000164    ,C arm scanning
2_000165    ,C arm scanning
2_000166    ,C arm scanning
2_000167    ,C arm scanning
2_000168    ,C arm scanning
2_000169    ,C arm scanning
2_000170    ,C arm scanning
2_000171    ,C arm scanning
2_000172    ,C arm scanning
2_000173    ,C arm scanning
2_000174    ,C arm scanning
2_000175    ,C arm scanning
2_000176    ,C arm scanning
2_000177    ,C arm scanning
2_000178    ,C arm scanning
2_000179    ,C arm scanning
2_000180    ,C arm scanning
2_000181    ,C arm scanning
2_000182    ,C arm scanning
2_000183    ,C arm scanning
2_000184    ,C arm scanning
2_000185    ,C arm scanning
2_000186    ,C arm scanning
2_000187    ,C arm scanning
2_000188    ,C arm scanning
2_000189    ,C arm scanning
2_000190    ,C arm scanning
2_000191    ,C arm scanning
2_000192    ,C arm scanning
2_000193    ,C arm scanning
2_000194    ,C arm scanning
2_000195    ,C arm scanning
2_000196    ,C arm scanning
2_000197    ,C arm scanning
2_000198    ,C arm scanning
2_000199    ,C arm scanning
2_000200    ,C arm scanning
2_000201    ,C arm scanning
2_000202    ,C arm scanning
2_000203    ,C arm scanning
2_000204    ,C arm scanning
2_000205    ,C arm scanning
2_000206    ,C arm scanning
2_000207    ,C arm scanning
2_000208    ,C arm scanning
2_000209    ,C arm scanning
2_000210    ,C arm scanning
2_000211    ,C arm scanning
2_000212    ,C arm scanning
2_000213    ,C arm scanning
2_000214    ,C arm scanning
2_000215    ,C arm scanning
2_000216    ,C arm scanning
2_000217    ,C arm scanning
2_000218    ,C arm roll out
2_000219    ,C arm roll out
2_000220    ,CT roll out
2_000221    ,CT roll out
2_000222    ,CT roll out
2_000223    ,CT roll out
2_000224    ,CT roll out
2_000225    ,Patient Roll Out
2_000226    ,Patient Roll Out
2_000227    ,Patient Roll Out
2_000228    ,Patient Roll Out
2_000229    ,Sterile Preparation
2_000230    ,Sterile Preparation
2_000231    ,Sterile Preparation
2_000232    ,Sterile Preparation
2_000233    ,OUT
2_000234    ,OUT
2_000235    ,Patient Roll In
2_000236    ,Patient Preparation
2_000237    ,Patient Preparation
2_000238    ,Patient Preparation
2_000239    ,Patient Preparation
2_000240    ,CT roll in
2_000241    ,CT scanning
2_000242    ,CT roll out
2_000243    ,CT roll out
2_000244    ,CT roll out
2_000245    ,Sterile Preparation
2_000246    ,Patient Roll In
2_000247    ,Patient Preparation
2_000248    ,Patient Preparation
2_000249    ,Patient Preparation
2_000250    ,Patient Preparation
2_000251    ,CT roll in
2_000252    ,CT scanning
2_000253    ,CT roll out
2_000254    ,CT roll out
2_000255    ,CT roll out
2_000256    ,CT roll out
2_000257    ,Patient Roll Out
2_000258    ,Patient Roll In
2_000259    ,Patient Preparation
2_000260    ,Patient Preparation
2_000261    ,Patient Preparation
2_000262    ,Patient Preparation
2_000263    ,Patient Preparation
2_000264    ,CT roll in
2_000265    ,CT scanning
2_000266    ,CT roll out
2_000267    ,CT roll out
2_000268    ,Patient Roll Out
2_000269    ,Patient Roll Out
2_000270    ,Patient Roll Out
2_000271    ,Patient Roll In
2_000272    ,Patient Preparation
2_000273    ,CT roll In
2_000274    ,CT scanning
2_000275    ,CT scanning
2_000276    ,CT scanning
2_000277    ,CT roll out
2_000278    ,Patient Roll Out
2_000279    ,Patient Roll In
2_000280    ,CT scanning
2_000281    ,CT roll out
2_000282    ,Patient Preparation
2_000283    ,Patient Preparation
2_000284    ,Patient Preparation
2_000285    ,Patient Preparation
2_000286    ,CT roll in
2_000287    ,CT scanning
2_000288    ,CT scanning
2_000289    ,CT scanning
2_000290    ,CT scanning
2_000291    ,CT roll out
2_000292    ,Patient Roll Out
2_000293    ,Patient Roll Out
2_000294    ,Patient Roll In
2_000295    ,Patient Preparation
2_000296    ,CT roll in
2_000297    ,CT scanning
2_000298    ,CT scanning
2_000299    ,CT scanning
2_000300    ,CT scanning
2_000301    ,CT scanning
2_000302    ,CT scanning
2_000303    ,CT scanning
2_000304    ,CT scanning
2_000305    ,CT scanning
2_000306    ,CT scanning
2_000307    ,CT scanning
2_000308    ,CT scanning
2_000309    ,CT scanning
2_000310    ,CT scanning
2_000311    ,CT scanning
2_000312    ,CT scanning
2_000313    ,CT scanning
2_000314    ,CT scanning
2_000315    ,CT scanning
2_000316    ,CT scanning
2_000317    ,CT roll out
2_000318    ,CT roll out
2_000319    ,Patient Roll Out
2_000320    ,Sterile Preparation
2_000321    ,Sterile Preparation
2_000322    ,Patient Preparation
2_000323    ,Patient Preparation
2_000324    ,Sterile Preparation
2_000325    ,Patient Roll In
2_000326    ,Patient Roll In
2_000327    ,Patient Roll In
2_000328    ,Patient Preparation
2_000329    ,CT roll in
3_000000    ,CT roll out
3_000001    ,CT roll out
3_000002    ,CT roll out
3_000003    ,CT roll out
3_000004    ,CT roll out
3_000005    ,Patient Roll Out
3_000006    ,Sterile Preparation
3_000007    ,Sterile Preparation
3_000008    ,Patient Roll In
3_000009    ,Patient Preparation
3_000010    ,CT roll in
3_000011    ,CT scanning
3_000012    ,CT roll out
3_000013    ,Patient Preparation
3_000014    ,Patient Preparation
3_000015    ,Patient Preparation
3_000016    ,CT roll in
3_000017    ,CT scanning
3_000018    ,CT scanning
3_000019    ,CT scanning
3_000020    ,CT scanning
3_000021    ,CT scanning
3_000022    ,CT scanning
3_000023    ,CT scanning
3_000024    ,CT roll out
3_000025    ,CT roll out
3_000026    ,Patient Roll Out
3_000027    ,Sterile Preparation
3_000028    ,Sterile Preparation
3_000029    ,CT roll in
3_000030    ,CT scanning
3_000031    ,CT scanning
3_000032    ,CT scanning
3_000033    ,CT scanning
3_000034    ,CT scanning
3_000035    ,CT scanning
3_000036    ,CT scanning
3_000037    ,CT scanning
3_000038    ,CT scanning
3_000039    ,CT scanning
3_000040    ,CT scanning
3_000041    ,CT scanning
3_000042    ,CT scanning
3_000043    ,CT scanning
3_000044    ,CT scanning
3_000045    ,CT scanning
3_000046    ,CT scanning
3_000047    ,CT scanning
3_000048    ,CT scanning
3_000049    ,CT scanning
3_000050    ,CT scanning
3_000051    ,CT scanning
3_000052    ,CT scanning
3_000053    ,CT scanning
3_000054    ,CT scanning
3_000055    ,CT roll out
3_000056    ,CT roll out
3_000057    ,Sterile Preparation
3_000058    ,Sterile Preparation
3_000059    ,Patient Roll In
3_000060    ,Patient Preparation
3_000061    ,Patient Preparation
3_000062    ,Patient Preparation
3_000063    ,Patient Preparation
3_000064    ,Patient Preparation
3_000065    ,Patient Preparation
3_000066    ,Patient Preparation
3_000067    ,Patient Preparation
3_000068    ,Patient Preparation
3_000069    ,CT roll in
3_000070    ,CT scanning
3_000071    ,CT scanning
3_000072    ,CT scanning
3_000073    ,CT scanning
3_000074    ,CT scanning
3_000075    ,CT roll out
3_000076    ,CT roll out
3_000077    ,CT roll out
3_000078    ,CT roll out
3_000079    ,CT roll out
3_000080    ,Patient Roll Out
3_000081    ,Patient Roll Out
3_000082    ,Patient Roll Out
3_000083    ,Sterile Preparation
3_000084    ,Sterile Preparation
3_000085    ,Patient Roll In
3_000086    ,Patient Preparation
3_000087    ,CT scanning
3_000088    ,CT roll out
3_000089    ,CT roll out
3_000090    ,Patient Preparation
3_000091    ,Patient Preparation
3_000092    ,Patient Preparation
3_000093    ,Patient Preparation
3_000094    ,Patient Preparation
3_000095    ,Patient Preparation
3_000096    ,Patient Preparation
3_000097    ,Patient Preparation
3_000098    ,Patient Preparation
3_000099    ,Patient Preparation
3_000100    ,Patient Preparation
3_000101    ,C arm roll in
3_000102    ,C arm roll in
3_000103    ,C arm preparation
3_000104    ,C arm preparation
3_000105    ,C arm preparation
3_000106    ,C arm scanning
3_000107    ,C arm scanning
3_000108    ,C arm scanning
3_000109    ,C arm scanning
3_000110    ,C arm roll out
3_000111    ,C arm roll out
3_000112    ,C arm roll out
3_000113    ,C arm roll out
3_000114    ,CT roll out
3_000115    ,CT roll out
3_000116    ,CT roll out
3_000117    ,CT roll out
3_000118    ,CT roll out
3_000119    ,Patient Roll Out
3_000120    ,Sterile Preparation
3_000121    ,Sterile Preparation
3_000122    ,Sterile Preparation
3_000123    ,Sterile Preparation
3_000124    ,Sterile Preparation
3_000125    ,Patient Roll In
3_000126    ,CT roll in
3_000127    ,CT scanning
3_000128    ,CT scanning
3_000129    ,CT scanning
3_000130    ,CT scanning
3_000131    ,CT scanning
3_000132    ,CT scanning
3_000133    ,CT scanning
3_000134    ,CT scanning
3_000135    ,CT scanning
3_000136    ,CT roll out
3_000137    ,Patient Roll Out
3_000138    ,Sterile Preparation
3_000139    ,CT scanning
3_000140    ,CT scanning
3_000141    ,CT roll out
3_000142    ,Patient Preparation
3_000143    ,Patient Preparation
3_000144    ,Patient Preparation
3_000145    ,CT roll in
3_000146    ,CT scanning
3_000147    ,CT scanning
3_000148    ,CT scanning
3_000149    ,CT scanning
3_000150    ,CT scanning
3_000151    ,CT scanning
3_000152    ,CT scanning
3_000153    ,CT scanning
3_000154    ,CT scanning
3_000155    ,CT scanning
3_000156    ,CT scanning
3_000157    ,CT roll out
3_000158    ,CT roll out
3_000159    ,CT roll out
3_000160    ,Sterile Preparation
3_000161    ,Patient Roll In
3_000162    ,CT roll in
3_000163    ,CT scanning
3_000164    ,CT scanning
3_000165    ,CT scanning
3_000166    ,CT scanning
3_000167    ,CT scanning
3_000168    ,CT scanning
3_000169    ,CT roll out
3_000170    ,Patient Roll Out
3_000171    ,Sterile Preparation
3_000172    ,Sterile Preparation
3_000173    ,Patient Roll In
3_000174    ,CT roll in
3_000175    ,CT scanning
3_000176    ,CT scanning
3_000177    ,CT scanning
3_000178    ,CT scanning
3_000179    ,CT scanning
3_000180    ,CT roll out
3_000181    ,CT roll out
3_000182    ,Patient Preparation
3_000183    ,CT roll in
3_000184    ,CT scanning
3_000185    ,CT scanning
3_000186    ,CT scanning
3_000187    ,CT scanning
3_000188    ,CT scanning
3_000189    ,CT scanning
3_000190    ,CT scanning
3_000191    ,CT scanning
3_000192    ,CT scanning
3_000193    ,CT scanning
3_000194    ,CT scanning
3_000195    ,CT roll out
3_000196    ,Sterile Preparation
3_000197    ,Patient Roll In
3_000198    ,Patient Preparation
3_000199    ,Patient Roll Out
3_000200    ,Patient Roll In
3_000201    ,CT roll in
3_000202    ,CT roll out
3_000203    ,Patient Roll In
3_000204    ,Patient Preparation
3_000205    ,CT roll in
3_000206    ,CT scanning
3_000207    ,CT scanning
3_000208    ,CT scanning
3_000209    ,CT scanning
3_000210    ,CT scanning
3_000211    ,CT scanning
3_000212    ,CT scanning
3_000213    ,CT scanning
3_000214    ,CT scanning
3_000215    ,CT scanning
3_000216    ,CT roll out
3_000217    ,Patient Roll Out
3_000218    ,Sterile Preparation
3_000219    ,Sterile Preparation
3_000220    ,Sterile Preparation
3_000221    ,Sterile Preparation
3_000222    ,Sterile Preparation
4_000000    ,Patient Roll In
4_000001    ,Patient Roll In
4_000002    ,Patient Preparation
4_000003    ,Patient Preparation
4_000004    ,Patient Preparation
4_000005    ,Patient Preparation
4_000006    ,Patient Preparation
4_000007    ,Patient Preparation
4_000008    ,Patient Preparation
4_000009    ,Patient Preparation
4_000010    ,Patient Preparation
4_000011    ,Patient Preparation
4_000012    ,Patient Preparation
4_000013    ,CT roll in
4_000014    ,CT scanning
4_000015    ,CT scanning
4_000016    ,CT scanning
4_000017    ,CT scanning
4_000018    ,CT roll out
4_000019    ,Patient Preparation
4_000020    ,Patient Preparation
4_000021    ,Patient Preparation
4_000022    ,C arm roll in
4_000023    ,C arm scanning
4_000024    ,C arm scanning
4_000025    ,C arm scanning
4_000026    ,C arm scanning
4_000027    ,C arm scanning
4_000028    ,C arm scanning
4_000029    ,C arm scanning
4_000030    ,C arm scanning
4_000031    ,C arm scanning
4_000032    ,C arm scanning
4_000033    ,C arm scanning
4_000034    ,C arm scanning
4_000035    ,C arm scanning
4_000036    ,C arm scanning
4_000037    ,C arm scanning
4_000038    ,C arm scanning
4_000039    ,C arm scanning
4_000040    ,C arm scanning
4_000041    ,C arm scanning
4_000042    ,C arm scanning
4_000043    ,C arm scanning
4_000044    ,C arm scanning
4_000045    ,C arm scanning
4_000046    ,C arm scanning
4_000047    ,C arm scanning
4_000048    ,C arm scanning
4_000049    ,C arm scanning
4_000050    ,C arm scanning
4_000051    ,C arm scanning
4_000052    ,C arm scanning
4_000053    ,C arm scanning
4_000054    ,C arm scanning
4_000055    ,C arm scanning
4_000056    ,C arm scanning
4_000057    ,C arm scanning
4_000058    ,C arm scanning
4_000059    ,C arm scanning
4_000060    ,C arm scanning
4_000061    ,C arm scanning
4_000062    ,C arm scanning
4_000063    ,C arm roll out
4_000064    ,C arm roll out
4_000065    ,Patient Roll Out
4_000066    ,Patient Roll Out
4_000067    ,Patient Roll Out
4_000068    ,Patient Roll Out
4_000069    ,Patient Roll Out
4_000070    ,Sterile Preparation
4_000071    ,Sterile Preparation
4_000072    ,Sterile Preparation
4_000073    ,Patient Roll In
4_000074    ,Patient Roll In
4_000075    ,Patient Preparation
4_000076    ,Patient Preparation
4_000077    ,Patient Preparation
4_000078    ,Patient Preparation
4_000079    ,Patient Preparation
4_000080    ,Patient Preparation
4_000081    ,Patient Preparation
4_000082    ,Patient Preparation
4_000083    ,Patient Preparation
4_000084    ,Patient Preparation
4_000085    ,Patient Preparation
4_000086    ,CT roll in
4_000087    ,CT roll in
4_000088    ,Patient Preparation
4_000089    ,Patient Preparation
4_000090    ,Patient Preparation
4_000091    ,Patient Preparation
4_000092    ,Patient Preparation
4_000093    ,CT roll in
4_000094    ,CT roll in
4_000095    ,CT scanning
4_000096    ,CT scanning
4_000097    ,CT scanning
4_000098    ,CT scanning
4_000099    ,CT scanning
4_000100    ,CT scanning
4_000101    ,CT scanning
4_000102    ,CT scanning
4_000103    ,CT scanning
4_000104    ,CT scanning
4_000105    ,CT scanning
4_000106    ,CT scanning
4_000107    ,CT scanning
4_000108    ,CT scanning
4_000109    ,CT scanning
4_000110    ,CT scanning
4_000111    ,CT scanning
4_000112    ,CT scanning
4_000113    ,CT roll out
4_000114    ,Patient Roll Out
4_000115    ,Patient Roll Out
4_000116    ,Sterile Preparation
4_000117    ,Patient Roll In
4_000118    ,Patient Roll In
4_000119    ,Patient Preparation
4_000120    ,Patient Preparation
4_000121    ,Patient Preparation